Day,Month,Year,Units Sold,Predicted Sales
1,2,2024,30,549.811320754717
2,2,2024,40,562.4528301886792
3,2,2024,50,575.0943396226414
